{"cameraMode":{"drawMode":0,"name":"Shaded","section":"Shading Mode"},"sceneLighting":true,"audioPlay":false,"sceneViewState":{"showFog":true,"showMaterialUpdate":false,"showSkybox":true,"showFlares":true,"showImageEffects":true,"showParticleSystems":true},"in2DMode":false,"pivot":{"x":14.396763801574707,"y":-11.945094108581543,"z":6.647346019744873},"rotation":{"x":0.4252508580684662,"y":-0.04621103033423424,"z":0.021557841449975969,"w":0.903717041015625},"size":83.65726470947266,"orthographic":false}